"","Parameter","Value"
"1","Chlorophyll",0.79
"2","Chlorophyll",0.92
"3","Chlorophyll",0.62
"4","Phycocyanin",0.1
"5","Chlorophyll",0.34
"6","Phycocyanin",0.1
"7","Phycocyanin",0.1
"8","Phycocyanin",0.1
"9","Phycocyanin",0.1
"10","Chlorophyll",0.62
"11","Chlorophyll",0.34
"12","Chlorophyll",0.65
"13","Phycocyanin",0.1
"14","Chlorophyll",0.56
"15","Phycocyanin",3
"16","Phycocyanin",0.1
"17","Chlorophyll",0.34
"18","Phycocyanin",0.1
"19","Chlorophyll",0.49
"20","Phycocyanin",0.1
"21","Phycocyanin",0.1
"22","Chlorophyll",0.58
"23","Phycocyanin",3.5
"24","Chlorophyll",0.79
"25","Phycocyanin",1
"26","Chlorophyll",0.56
"27","Phycocyanin",0.1
"28","Chlorophyll",1.01
"29","Chlorophyll",0.98
"30","Phycocyanin",6
"31","Phycocyanin",1.5
"32","Phycocyanin",0.1
"33","Chlorophyll",0.49
"34","Chlorophyll",0.74
"35","Chlorophyll",0.43
"36","Chlorophyll",0.43
"37","Phycocyanin",0.1
"38","Phycocyanin",4
"39","Phycocyanin",2.5
"40","Phycocyanin",0.1
"41","Phycocyanin",3
"42","Chlorophyll",0.58
"43","Chlorophyll",0.49
"44","Chlorophyll",0.71
"45","Phycocyanin",1.5
"46","Phycocyanin",0.1
"47","Chlorophyll",0.68
"48","Chlorophyll",1.28
"49","Chlorophyll",0.73
"50","Phycocyanin",0.1
"51","Phycocyanin",0.1
"52","Chlorophyll",0.92
"53","Phycocyanin",7
"54","Phycocyanin",6.5
"55","Chlorophyll",1.28
"56","Phycocyanin",0.1
"57","Chlorophyll",0.5
"58","Chlorophyll",0.59
"59","Phycocyanin",5
"60","Phycocyanin",0.1
"61","Chlorophyll",2.28
"62","Chlorophyll",1.14
"63","Chlorophyll",1.9
"64","Chlorophyll",0.5
"65","Phycocyanin",0.1
"66","Phycocyanin",0.1
"67","Phycocyanin",0.1
"68","Phycocyanin",4.5
"69","Chlorophyll",0.61
"70","Chlorophyll",0.55
"71","Phycocyanin",4
"72","Phycocyanin",0.1
"73","Chlorophyll",1.28
"74","Chlorophyll",1.02
"75","Chlorophyll",0.49
"76","Phycocyanin",0.1
"77","Phycocyanin",6.5
"78","Phycocyanin",2
"79","Phycocyanin",2
"80","Chlorophyll",1.31
"81","Chlorophyll",1.83
"82","Chlorophyll",0.64
"83","Phycocyanin",2
"84","Chlorophyll",2.13
"85","Phycocyanin",0.1
"86","Phycocyanin",0.1
"87","Chlorophyll",0.37
"88","Chlorophyll",0.53
"89","Phycocyanin",0.1
"90","Chlorophyll",0.7
"91","Phycocyanin",0.1
"92","Chlorophyll",0.64
"93","Phycocyanin",0.1
"94","Chlorophyll",0.49
"95","Phycocyanin",0.1
"96","Chlorophyll",0.5
"97","Phycocyanin",0.1
"98","Chlorophyll",0.38
"99","Chlorophyll",1.46
"100","Chlorophyll",0.38
"101","Chlorophyll",1.52
"102","Chlorophyll",1.34
"103","Chlorophyll",0.38
"104","Phycocyanin",0.1
"105","Phycocyanin",0.1
"106","Phycocyanin",0.1
"107","Phycocyanin",0.1
"108","Phycocyanin",0.1
"109","Chlorophyll",0.46
"110","Chlorophyll",0.5
"111","Phycocyanin",0.1
"112","Phycocyanin",0.1
"113","Chlorophyll",0.46
"114","Phycocyanin",0.1
"115","Chlorophyll",0.44
"116","Chlorophyll",0.41
"117","Chlorophyll",0.73
"118","Chlorophyll",0.47
"119","Phycocyanin",2.5
"120","Phycocyanin",0.1
"121","Phycocyanin",0.1
"122","Chlorophyll",0.68
"123","Chlorophyll",0.62
"124","Phycocyanin",0.1
"125","Phycocyanin",0.1
"126","Chlorophyll",0.5
"127","Phycocyanin",0.1
"128","Chlorophyll",0.52
"129","Phycocyanin",0.1
"130","Chlorophyll",0.85
"131","Chlorophyll",0.73
"132","Phycocyanin",0.1
"133","Phycocyanin",0.1
"134","Phycocyanin",0.1
"135","Chlorophyll",0.47
"136","Phycocyanin",0.55
"137","Phycocyanin",3.5
"138","Phycocyanin",0.1
"139","Chlorophyll",0.23
"140","Chlorophyll",1.25
"141","Phycocyanin",0.1
"142","Phycocyanin",0.1
"143","Chlorophyll",0.43
"144","Phycocyanin",0.1
"145","Chlorophyll",0.25
"146","Chlorophyll",0.86
"147","Chlorophyll",0.22
"148","Phycocyanin",0.1
"149","Chlorophyll",0.46
"150","Phycocyanin",0.1
"151","Phycocyanin",0.1
"152","Chlorophyll",0.44
"153","Chlorophyll",0.76
"154","Chlorophyll",0.43
"155","Phycocyanin",0.55
"156","Phycocyanin",0.1
"157","Chlorophyll",0.82
"158","Phycocyanin",0.1
"159","Phycocyanin",0.1
"160","Chlorophyll",0.49
"161","Chlorophyll",0.49
"162","Phycocyanin",0.1
"163","Phycocyanin",2.5
"164","Chlorophyll",0.62
"165","Chlorophyll",0.43
"166","Chlorophyll",0.44
"167","Chlorophyll",0.52
"168","Phycocyanin",0.1
"169","Phycocyanin",1
"170","Chlorophyll",0.43
"171","Chlorophyll",1.92
"172","Chlorophyll",0.8
"173","Phycocyanin",1.5
"174","Phycocyanin",0.1
"175","Chlorophyll",0.53
"176","Chlorophyll",0.43
"177","Chlorophyll",0.43
"178","Phycocyanin",0.1
"179","Phycocyanin",0.1
"180","Chlorophyll",0.59
"181","Phycocyanin",0.1
"182","Chlorophyll",0.52
"183","Phycocyanin",1
"184","Phycocyanin",1
"185","Phycocyanin",0.1
"186","Phycocyanin",2
"187","Chlorophyll",1.26
"188","Chlorophyll",0.74
"189","Phycocyanin",0.1
"190","Phycocyanin",2.5
"191","Phycocyanin",0.55
"192","Chlorophyll",2.2
"193","Chlorophyll",4.56
"194","Phycocyanin",1.5
"195","Phycocyanin",4.5
"196","Chlorophyll",1.52
"197","Phycocyanin",0.55
"198","Phycocyanin",1.5
"199","Chlorophyll",1.58
"200","Phycocyanin",0.55
"201","Chlorophyll",0.92
"202","Chlorophyll",1.9
"203","Phycocyanin",1.5
"204","Phycocyanin",1
"205","Phycocyanin",0.1
"206","Phycocyanin",2.5
"207","Chlorophyll",2.71
"208","Phycocyanin",0.1
"209","Chlorophyll",1.02
"210","Phycocyanin",0.1
"211","Phycocyanin",3.5
"212","Chlorophyll",1.77
"213","Phycocyanin",0.1
"214","Chlorophyll",1.9
"215","Chlorophyll",1.61
"216","Chlorophyll",3.9
"217","Chlorophyll",0.73
"218","Chlorophyll",1.23
"219","Phycocyanin",0.1
"220","Phycocyanin",0.1
"221","Phycocyanin",3.5
"222","Chlorophyll",2.74
"223","Chlorophyll",1.17
"224","Chlorophyll",5.44
"225","Chlorophyll",0.74
"226","Chlorophyll",1.2
"227","Phycocyanin",2.5
"228","Chlorophyll",5.27
"229","Chlorophyll",1.37
"230","Phycocyanin",0.1
"231","Phycocyanin",3.5
"232","Phycocyanin",4.5
"233","Phycocyanin",0.1
"234","Chlorophyll",1.26
"235","Phycocyanin",3
"236","Phycocyanin",0.55
"237","Phycocyanin",2
"238","Phycocyanin",1.5
"239","Phycocyanin",1
"240","Phycocyanin",0.1
"241","Phycocyanin",1.5
"242","Phycocyanin",2.5
"243","Phycocyanin",1.5
"244","Chlorophyll",1.25
"245","Phycocyanin",0.1
"246","Chlorophyll",0.91
"247","Phycocyanin",2.5
"248","Phycocyanin",2
"249","Chlorophyll",4.08
"250","Phycocyanin",2.5
"251","Chlorophyll",0.88
"252","Phycocyanin",0.1
"253","Chlorophyll",1.59
"254","Chlorophyll",0.82
"255","Chlorophyll",1.37
"256","Chlorophyll",1.35
"257","Chlorophyll",1.25
"258","Chlorophyll",1.41
"259","Chlorophyll",0.8
"260","Chlorophyll",0.82
"261","Chlorophyll",0.74
"262","Phycocyanin",2
"263","Chlorophyll",0.83
"264","Phycocyanin",0.1
"265","Phycocyanin",0.1
"266","Chlorophyll",3.6
"267","Phycocyanin",0.1
"268","Chlorophyll",0.76
"269","Chlorophyll",1.56
"270","Phycocyanin",6
"271","Chlorophyll",1.26
"272","Phycocyanin",0.1
"273","Chlorophyll",3.96
"274","Phycocyanin",0.1
"275","Chlorophyll",1.22
"276","Chlorophyll",0.76
"277","Chlorophyll",0.58
"278","Phycocyanin",0.1
"279","Phycocyanin",3.5
"280","Chlorophyll",8.91
"281","Phycocyanin",0.55
"282","Chlorophyll",8.76
"283","Chlorophyll",8.79
"284","Chlorophyll",0.53
"285","Phycocyanin",0.1
"286","Chlorophyll",1.44
"287","Phycocyanin",0.1
"288","Phycocyanin",0.1
"289","Phycocyanin",2.5
"290","Chlorophyll",0.46
"291","Chlorophyll",0.76
"292","Phycocyanin",467.28
"293","Chlorophyll",0.92
"294","Phycocyanin",12.52
"295","Phycocyanin",0.1
"296","Phycocyanin",2.5
"297","Phycocyanin",0.1
"298","Phycocyanin",0.1
"299","Phycocyanin",474.36
"300","Chlorophyll",1.17
"301","Chlorophyll",1
"302","Chlorophyll",0.44
"303","Chlorophyll",0.76
"304","Chlorophyll",1.23
"305","Chlorophyll",0.43
"306","Phycocyanin",0.1
"307","Chlorophyll",0.95
"308","Phycocyanin",0.1
"309","Phycocyanin",0.1
"310","Chlorophyll",0.94
"311","Chlorophyll",1.92
"312","Phycocyanin",460.2
"313","Phycocyanin",0.55
"314","Chlorophyll",1.25
"315","Phycocyanin",0.1
"316","Chlorophyll",0.94
"317","Phycocyanin",0.1
"318","Phycocyanin",0.1
"319","Chlorophyll",1.46
"320","Phycocyanin",0.1
"321","Chlorophyll",10.14
"322","Chlorophyll",1.22
"323","Phycocyanin",0.1
"324","Chlorophyll",4.91
"325","Phycocyanin",2.5
"326","Chlorophyll",0.94
"327","Phycocyanin",0.1
"328","Phycocyanin",0.1
"329","Chlorophyll",1.58
"330","Phycocyanin",0.1
"331","Phycocyanin",0.1
"332","Phycocyanin",0.1
"333","Phycocyanin",2.5
"334","Phycocyanin",0.1
"335","Chlorophyll",1.11
"336","Chlorophyll",1.38
"337","Phycocyanin",0.1
"338","Chlorophyll",1.02
"339","Chlorophyll",0.94
"340","Chlorophyll",0.88
"341","Chlorophyll",0.91
"342","Chlorophyll",0.86
"343","Phycocyanin",276.05
"344","Chlorophyll",6.9
"345","Phycocyanin",135.41
"346","Chlorophyll",3.04
"347","Phycocyanin",64.1
"348","Chlorophyll",3.83
"349","Phycocyanin",102.02
"350","Chlorophyll",3.36
"351","Phycocyanin",106.67
"352","Phycocyanin",25.67
"353","Phycocyanin",19.1
"354","Phycocyanin",105.56
"355","Chlorophyll",3.65
"356","Phycocyanin",28.2
"357","Chlorophyll",3.9
"358","Chlorophyll",3.07
"359","Chlorophyll",3.02
"360","Chlorophyll",2.8
"425","Phycocyanin",3.5
"426","Chlorophyll",0
"427","Chlorophyll",0.05
"428","Chlorophyll",0.01
"429","Chlorophyll",0
"430","Phycocyanin",1.5
"431","Phycocyanin",0.1
"432","Phycocyanin",0.1
"449","Phycocyanin",0.1
"450","Phycocyanin",2.5
"451","Phycocyanin",4.5
"452","Chlorophyll",0.05
"453","Phycocyanin",0
"454","Chlorophyll",0
"455","Chlorophyll",0
"456","Chlorophyll",0.11
"457","Chlorophyll",0
"458","Phycocyanin",3
"459","Phycocyanin",3.5
"460","Chlorophyll",0.11
"461","Chlorophyll",0.2
"462","Phycocyanin",1.5
"463","Chlorophyll",0
"464","Phycocyanin",3.5
"465","Phycocyanin",0.1
"466","Phycocyanin",2.5
"467","Chlorophyll",0
"468","Chlorophyll",0.17
"469","Phycocyanin",2.5
"470","Chlorophyll",0
"471","Phycocyanin",1
"472","Chlorophyll",0.14
"473","Phycocyanin",5.5
"474","Phycocyanin",6
"475","Chlorophyll",0.14
"476","Chlorophyll",0.01
"477","Chlorophyll",0
"478","Chlorophyll",0.14
"479","Phycocyanin",6
"480","Phycocyanin",0.1
"481","Phycocyanin",0.1
"482","Chlorophyll",0.14
"483","Chlorophyll",0
"484","Chlorophyll",0.11
"485","Phycocyanin",0.1
"486","Phycocyanin",5
"487","Phycocyanin",7
"488","Chlorophyll",0
"489","Phycocyanin",6.5
"490","Phycocyanin",2
"491","Phycocyanin",3
"492","Chlorophyll",0
"493","Chlorophyll",0.05
"494","Phycocyanin",4
"495","Chlorophyll",0.05
"496","Chlorophyll",0
"505","Chlorophyll",0.28
"506","Chlorophyll",0.28
"507","Chlorophyll",0.2
"508","Phycocyanin",3
"509","Phycocyanin",1.5
"510","Chlorophyll",0.08
"511","Phycocyanin",5.5
"512","Phycocyanin",6
"553","Phycocyanin",5
"554","Phycocyanin",3
"555","Chlorophyll",0.1
"556","Phycocyanin",4
"557","Phycocyanin",1.5
"558","Chlorophyll",0.16
"559","Chlorophyll",0.2
"560","Chlorophyll",0
"588","Phycocyanin",0.1
"595","Phycocyanin",2
"600","Chlorophyll",0
"601","Chlorophyll",0
"617","Chlorophyll",0.25
"618","Phycocyanin",2
"619","Phycocyanin",2.5
"620","Chlorophyll",0.07
"621","Phycocyanin",1.5
"622","Chlorophyll",0.13
"623","Chlorophyll",0
"624","Phycocyanin",0.55
"643","Phycocyanin",1.5
"650","Chlorophyll",0
"652","Phycocyanin",0.1
"662","Chlorophyll",0
"681","Phycocyanin",0.1
"686","Chlorophyll",0
"687","Chlorophyll",0.01
"696","Phycocyanin",0.1
"705","Phycocyanin",6.5
"706","Phycocyanin",2.5
"707","Chlorophyll",0
"708","Chlorophyll",0.2
"709","Phycocyanin",1.5
"710","Chlorophyll",0.13
"711","Phycocyanin",1.5
"712","Chlorophyll",0.34
"720","Chlorophyll",0.05
"721","Phycocyanin",0.1
"725","Chlorophyll",0
"735","Phycocyanin",0.1
"737","Phycocyanin",1
"738","Chlorophyll",0.04
"739","Chlorophyll",0
"740","Phycocyanin",7
"741","Phycocyanin",8.5
"742","Phycocyanin",3
"743","Chlorophyll",0.65
"744","Chlorophyll",0.16
"745","Phycocyanin",1
"746","Phycocyanin",6
"747","Chlorophyll",0.05
"748","Phycocyanin",3.5
"749","Chlorophyll",0
"750","Chlorophyll",0.38
"751","Chlorophyll",0.23
"752","Phycocyanin",5
"817","Chlorophyll",0.02
"818","Phycocyanin",2.5
"819","Phycocyanin",3.5
"820","Phycocyanin",2.5
"821","Chlorophyll",0.37
"822","Phycocyanin",4.5
"823","Chlorophyll",0.17
"824","Chlorophyll",0
"825","Phycocyanin",3
"826","Phycocyanin",3.5
"827","Chlorophyll",0.08
"828","Phycocyanin",27
"829","Phycocyanin",5
"830","Chlorophyll",0.23
"831","Chlorophyll",0.23
"832","Chlorophyll",0.08
"833","Phycocyanin",1
"834","Chlorophyll",2.7
"835","Chlorophyll",2.01
"836","Phycocyanin",0.1
"837","Phycocyanin",0.1
"838","Phycocyanin",0.1
"839","Chlorophyll",2.48
"840","Chlorophyll",2.35
"841","Phycocyanin",0.1
"842","Phycocyanin",0.1
"843","Chlorophyll",2.08
"844","Chlorophyll",1.81
"845","Phycocyanin",0.1
"846","Phycocyanin",0.1
"847","Chlorophyll",2.65
"848","Phycocyanin",0.1
"849","Chlorophyll",2.38
"850","Chlorophyll",2.65
"851","Chlorophyll",2.23
"852","Phycocyanin",0.1
"853","Phycocyanin",0.1
"854","Chlorophyll",2.95
"855","Phycocyanin",0.1
"856","Chlorophyll",2.68
"857","Chlorophyll",1.71
"858","Phycocyanin",0.1
"859","Phycocyanin",0.1
"860","Chlorophyll",1.59
"861","Chlorophyll",2.82
"862","Chlorophyll",2.97
"863","Phycocyanin",0.1
"864","Phycocyanin",0.1
"865","Phycocyanin",0.1
"866","Phycocyanin",1
"867","Chlorophyll",3.74
"868","Phycocyanin",0.55
"869","Chlorophyll",2.35
"870","Phycocyanin",0.1
"871","Chlorophyll",2.8
"872","Chlorophyll",2.8
"873","Chlorophyll",2.82
"874","Chlorophyll",2.73
"875","Phycocyanin",0.1
"876","Phycocyanin",0.1
"877","Chlorophyll",3.05
"878","Phycocyanin",0.55
"879","Phycocyanin",1.5
"880","Phycocyanin",0.1
"881","Chlorophyll",3.37
"882","Phycocyanin",0.1
"883","Phycocyanin",4.5
"884","Chlorophyll",3.17
"885","Chlorophyll",2.73
"886","Phycocyanin",0.1
"887","Chlorophyll",3.27
"888","Chlorophyll",3.39
"889","Phycocyanin",0.1
"890","Phycocyanin",0.1
"891","Phycocyanin",0.1
"892","Chlorophyll",3.22
"893","Phycocyanin",1.5
"894","Chlorophyll",3.29
"895","Chlorophyll",2.75
"896","Chlorophyll",2.92
"897","Phycocyanin",1.5
"898","Chlorophyll",2.63
"899","Chlorophyll",2.5
"900","Chlorophyll",2.68
"901","Chlorophyll",2.73
"902","Chlorophyll",2.58
"903","Chlorophyll",2.85
"904","Phycocyanin",0.1
"905","Phycocyanin",0.1
"906","Phycocyanin",0.1
"907","Phycocyanin",0.1
"908","Phycocyanin",0.1
"909","Chlorophyll",1.71
"910","Chlorophyll",1.59
"911","Phycocyanin",0.1
"912","Phycocyanin",0.1
"913","Chlorophyll",1.59
"914","Chlorophyll",1.69
"915","Phycocyanin",0.1
"916","Phycocyanin",0.1
"917","Chlorophyll",1.54
"918","Phycocyanin",0.1
"919","Phycocyanin",0.1
"920","Chlorophyll",1.74
"921","Chlorophyll",1.96
"922","Chlorophyll",2.13
"923","Phycocyanin",0.1
"924","Phycocyanin",0.1
"925","Chlorophyll",2.01
"926","Chlorophyll",2.03
"927","Chlorophyll",1.91
"928","Chlorophyll",2.11
"929","Phycocyanin",0.1
"930","Phycocyanin",0.1
"931","Phycocyanin",0.1
"932","Phycocyanin",0.1
"933","Phycocyanin",0.1
"934","Chlorophyll",2.08
"935","Chlorophyll",2.26
"936","Phycocyanin",0.1
"937","Chlorophyll",2.23
"938","Chlorophyll",2.35
"939","Phycocyanin",0.1
"940","Chlorophyll",2.55
"941","Phycocyanin",0.1
"942","Chlorophyll",2.33
"943","Phycocyanin",0.55
"944","Chlorophyll",2.43
"945","Chlorophyll",2.45
"946","Phycocyanin",0.1
"947","Phycocyanin",0.1
"948","Phycocyanin",0.1
"949","Chlorophyll",2.18
"950","Phycocyanin",0.1
"951","Chlorophyll",0.65
"953","Chlorophyll",1.04
"954","Phycocyanin",0.1
"957","Phycocyanin",0.1
"959","Chlorophyll",0.4
"960","Chlorophyll",0.87
"961","Phycocyanin",9.57
"962","Phycocyanin",2
"964","Chlorophyll",1.32
"965","Phycocyanin",0.1
"967","Phycocyanin",2
"969","Chlorophyll",0.91
"971","Chlorophyll",1.31
"972","Chlorophyll",1.01
"973","Phycocyanin",2
"974","Phycocyanin",2
"979","Chlorophyll",0.95
"980","Phycocyanin",0.1
"985","Phycocyanin",2.5
"986","Chlorophyll",1.08
"987","Chlorophyll",0.91
"988","Phycocyanin",3.5
"989","Phycocyanin",0.1
"994","Chlorophyll",1.13
"996","Phycocyanin",1
"999","Chlorophyll",0.26
"1000","Phycocyanin",5
"1001","Chlorophyll",0.46
"1004","Chlorophyll",0.35
"1005","Chlorophyll",0.23
"1006","Phycocyanin",0.1
"1008","Phycocyanin",0.1
"1011","Phycocyanin",2
"1015","Chlorophyll",0.29
"1017","Phycocyanin",1
"1018","Chlorophyll",0.43
"1019","Phycocyanin",0.1
"1020","Phycocyanin",34.5
"1021","Chlorophyll",1.13
"1022","Chlorophyll",2.28
"1023","Chlorophyll",0.28
"1024","Chlorophyll",0.28
"1026","Chlorophyll",10.38
"1027","Phycocyanin",6.5
"1028","Phycocyanin",0.1
"1031","Phycocyanin",1240.93
"1032","Chlorophyll",0.26
"1033","Phycocyanin",347.31
"1035","Phycocyanin",0.1
"1036","Phycocyanin",93
"1037","Chlorophyll",0.46
"1040","Phycocyanin",0.1
"1041","Chlorophyll",0.5
"1046","Phycocyanin",13
"1048","Chlorophyll",0.31
"1049","Chlorophyll",8.62
"1051","Chlorophyll",3.39
"1052","Chlorophyll",3.42
"1053","Chlorophyll",3.34
"1054","Phycocyanin",0.1
"1055","Phycocyanin",0.1
"1056","Phycocyanin",0.1
"1057","Phycocyanin",0.1
"1058","Phycocyanin",0.1
"1059","Chlorophyll",3.32
"1060","Phycocyanin",0.1
"1061","Chlorophyll",3.49
"1062","Chlorophyll",3.34
"1063","Chlorophyll",3.57
"1064","Phycocyanin",0.1
"1065","Chlorophyll",3.44
"1066","Chlorophyll",2.78
"1067","Phycocyanin",1
"1068","Phycocyanin",1
"1069","Phycocyanin",0.1
"1070","Chlorophyll",3.54
"1071","Chlorophyll",3.81
"1072","Chlorophyll",3.94
"1073","Phycocyanin",1.1
"1074","Phycocyanin",0.1
"1075","Chlorophyll",3.22
"1076","Phycocyanin",0.1
"1077","Phycocyanin",0.1
"1078","Phycocyanin",0.1
"1079","Phycocyanin",1
"1080","Phycocyanin",0.1
"1081","Phycocyanin",0.1
"1082","Phycocyanin",1.5
"1083","Chlorophyll",2.87
"1084","Chlorophyll",2.65
"1085","Chlorophyll",3.04
"1086","Phycocyanin",0.55
"1087","Chlorophyll",2.82
"1088","Chlorophyll",2.53
"1089","Phycocyanin",0.1
"1090","Chlorophyll",2.58
"1091","Chlorophyll",2.65
"1092","Chlorophyll",2.55
"1093","Chlorophyll",2.53
"1094","Chlorophyll",3.39
"1095","Phycocyanin",0.1
"1096","Phycocyanin",0.1
"1097","Chlorophyll",3
"1098","Chlorophyll",2.9
"1099","Phycocyanin",0.1
"1100","Phycocyanin",0.1
"1101","Phycocyanin",2
"1102","Phycocyanin",0.1
"1103","Chlorophyll",3.1
"1104","Phycocyanin",0.1
"1105","Phycocyanin",0.1
"1106","Chlorophyll",3.79
"1107","Chlorophyll",2.03
"1108","Phycocyanin",0.1
"1109","Chlorophyll",3.57
"1110","Chlorophyll",3.76
"1111","Phycocyanin",2.5
"1112","Phycocyanin",0.1
"1113","Chlorophyll",3.52
"1114","Chlorophyll",2.45
"1115","Phycocyanin",0.1
"1116","Phycocyanin",0.1
"1117","Chlorophyll",2.68
"1118","Chlorophyll",4.14
"1119","Chlorophyll",2.97
"1120","Phycocyanin",0.55
"1121","Chlorophyll",3.05
"1122","Phycocyanin",0.1
"1123","Phycocyanin",0.1
"1124","Phycocyanin",0.1
"1125","Chlorophyll",2.68
"1126","Chlorophyll",3.22
"1127","Phycocyanin",0.1
"1128","Chlorophyll",3.37
"1129","Phycocyanin",0.1
"1130","Chlorophyll",3.12
"1131","Chlorophyll",3.57
"1132","Chlorophyll",3.17
"1133","Phycocyanin",0.1
"1134","Phycocyanin",0.1
"1135","Phycocyanin",0.1
"1136","Chlorophyll",4.31
"1137","Phycocyanin",0.1
"1138","Chlorophyll",3.64
"1140","Phycocyanin",0.1
"1143","Chlorophyll",0.02
"1144","Chlorophyll",0.07
"1145","Phycocyanin",8.5
"1147","Phycocyanin",1218.49
"1148","Chlorophyll",18.95
"1153","Phycocyanin",1715.33
"1154","Chlorophyll",0.61
"1155","Phycocyanin",240.11
"1156","Phycocyanin",26
"1157","Chlorophyll",18.76
"1159","Chlorophyll",0.47
"1161","Chlorophyll",1.73
"1162","Phycocyanin",18.5
"1163","Chlorophyll",0.1
"1164","Phycocyanin",0.1
"1165","Phycocyanin",3
"1166","Phycocyanin",0.1
"1167","Chlorophyll",1.29
"1168","Chlorophyll",0.75
"1169","Chlorophyll",1.09
"1170","Phycocyanin",0.1
"1171","Chlorophyll",0.82
"1172","Phycocyanin",0.1
"1173","Phycocyanin",4.5
"1174","Chlorophyll",1.19
"1175","Phycocyanin",0.1
"1176","Phycocyanin",1.5
"1177","Chlorophyll",1.44
"1178","Chlorophyll",1.19
"1179","Phycocyanin",0.55
"1180","Phycocyanin",0.1
"1181","Chlorophyll",1.22
"1182","Chlorophyll",1.29
"1183","Chlorophyll",1.32
"1184","Phycocyanin",5
"1185","Phycocyanin",0.1
"1186","Chlorophyll",1.37
"1187","Chlorophyll",0.47
"1188","Chlorophyll",1
"1189","Phycocyanin",0.1
"1190","Phycocyanin",0.1
"1191","Phycocyanin",0.1
"1192","Chlorophyll",1.39
"1193","Phycocyanin",0.55
"1194","Phycocyanin",1
"1195","Phycocyanin",0.1
"1196","Phycocyanin",0.1
"1197","Chlorophyll",1.04
"1198","Phycocyanin",0.1
"1199","Chlorophyll",1.81
"1200","Phycocyanin",0.1
"1201","Chlorophyll",1.19
"1202","Chlorophyll",1.24
"1203","Chlorophyll",1.09
"1204","Phycocyanin",2
"1205","Chlorophyll",0.22
"1206","Phycocyanin",0.1
"1207","Chlorophyll",1.02
"1208","Chlorophyll",1
"1209","Chlorophyll",1.17
"1210","Phycocyanin",0.1
"1211","Phycocyanin",0.1
"1212","Chlorophyll",0.22
"1213","Chlorophyll",0.85
"1214","Chlorophyll",0.87
"1215","Phycocyanin",0.1
"1216","Phycocyanin",0.1
"1217","Phycocyanin",1.5
"1218","Chlorophyll",0.52
"1219","Phycocyanin",0.1
"1220","Chlorophyll",0.52
"1221","Phycocyanin",6
"1222","Chlorophyll",1.07
"1223","Chlorophyll",1.14
"1224","Chlorophyll",1.19
"1225","Phycocyanin",4
"1226","Phycocyanin",2
"1227","Phycocyanin",0.1
"1228","Phycocyanin",0.1
"1229","Chlorophyll",0.62
"1230","Chlorophyll",0.87
"1231","Chlorophyll",0.87
"1232","Chlorophyll",0.65
"1233","Phycocyanin",0.1
"1234","Chlorophyll",0.65
"1235","Phycocyanin",0.55
"1236","Chlorophyll",0.92
"1237","Phycocyanin",0.1
"1238","Phycocyanin",0.1
"1239","Phycocyanin",0.1
"1240","Phycocyanin",0.55
"1241","Phycocyanin",0.1
"1242","Phycocyanin",0.1
"1243","Phycocyanin",0.1
"1244","Chlorophyll",1.02
"1245","Phycocyanin",0.55
"1246","Chlorophyll",1.32
"1247","Chlorophyll",1.22
"1248","Phycocyanin",0.1
"1249","Chlorophyll",1.24
"1250","Chlorophyll",1.07
"1251","Chlorophyll",0.95
"1252","Chlorophyll",1.49
"1253","Phycocyanin",2.5
"1254","Phycocyanin",0.1
"1255","Chlorophyll",1.34
"1256","Chlorophyll",1.39
"1257","Phycocyanin",1
"1258","Chlorophyll",1.12
"1259","Phycocyanin",0.1
"1260","Phycocyanin",0.55
"1261","Chlorophyll",1.29
"1262","Phycocyanin",0.55
"1263","Chlorophyll",1.12
"1264","Chlorophyll",1.19
"1265","Phycocyanin",0.55
"1266","Chlorophyll",1.07
"1267","Chlorophyll",1.19
"1268","Chlorophyll",1.69
"1269","Phycocyanin",0.1
"1270","Phycocyanin",0.1
"1271","Chlorophyll",1.42
"1272","Phycocyanin",2
"1273","Chlorophyll",1.17
"1274","Phycocyanin",2.5
"1275","Chlorophyll",0.95
"1276","Chlorophyll",1.49
"1277","Phycocyanin",0.1
"1278","Phycocyanin",0.1
"1279","Chlorophyll",1.29
"1280","Phycocyanin",0.1
"1281","Phycocyanin",0.1
"1282","Chlorophyll",1.09
"1283","Phycocyanin",0.1
"1284","Chlorophyll",0.95
"1285","Phycocyanin",0.1
"1286","Chlorophyll",0.65
"1287","Phycocyanin",3
"1288","Chlorophyll",1.31
"1289","Phycocyanin",0.1
"1290","Chlorophyll",0.77
"1291","Phycocyanin",4
"1292","Chlorophyll",0.72
"1293","Phycocyanin",0.1
"1294","Phycocyanin",5.5
"1295","Phycocyanin",0.55
"1296","Chlorophyll",0.9
"1297","Chlorophyll",1.12
"1298","Chlorophyll",1.07
"1299","Phycocyanin",4
"1300","Chlorophyll",1.22
"1301","Chlorophyll",1.66
"1302","Phycocyanin",0.55
"1303","Phycocyanin",0.1
"1304","Phycocyanin",0.1
"1305","Chlorophyll",1.14
"1306","Chlorophyll",1.51
"1307","Phycocyanin",1
"1308","Chlorophyll",1.29
"1309","Chlorophyll",1.22
"1310","Phycocyanin",4.5
"1311","Phycocyanin",7
"1313","Chlorophyll",0.37
"1314","Phycocyanin",35
"1316","Chlorophyll",1.1
"1319","Phycocyanin",31
"1320","Phycocyanin",44.5
"1323","Chlorophyll",1.16
"1325","Chlorophyll",1.13
"1328","Chlorophyll",0.47
"1331","Chlorophyll",0.46
"1333","Phycocyanin",4
"1334","Phycocyanin",6
"1335","Chlorophyll",0.7
"1336","Chlorophyll",0.32
"1345","Phycocyanin",1.5
"1350","Phycocyanin",2
"1354","Phycocyanin",0.55
"1360","Phycocyanin",0.1
"1364","Chlorophyll",1.25
"1366","Chlorophyll",0.37
"1373","Chlorophyll",0.37
"1375","Chlorophyll",0.5
"1379","Phycocyanin",2.5
"1380","Phycocyanin",1
"1386","Phycocyanin",0.1
"1387","Chlorophyll",0.79
"1388","Phycocyanin",4.5
"1390","Chlorophyll",0.34
"1399","Phycocyanin",0.1
"1400","Chlorophyll",1.74
"1401","Phycocyanin",3.5
"1402","Phycocyanin",0.1
"1403","Phycocyanin",0.1
"1404","Chlorophyll",3.47
"1405","Chlorophyll",3.44
"1406","Chlorophyll",3.25
"1407","Phycocyanin",1.5
"1408","Phycocyanin",1
"1409","Chlorophyll",2.31
"1410","Chlorophyll",1.86
"1411","Phycocyanin",0.55
"1412","Phycocyanin",0.1
"1413","Phycocyanin",0.1
"1414","Phycocyanin",0.1
"1415","Chlorophyll",4.33
"1416","Chlorophyll",2.58
"1417","Chlorophyll",2.06
"1418","Chlorophyll",2.08
"1419","Phycocyanin",0.1
"1420","Phycocyanin",0.1
"1421","Phycocyanin",1
"1422","Phycocyanin",0.1
"1423","Chlorophyll",1.91
"1424","Chlorophyll",1.44
"1425","Chlorophyll",1.19
"1426","Chlorophyll",1.44
"1427","Phycocyanin",1
"1428","Phycocyanin",1
"1429","Chlorophyll",2.35
"1430","Chlorophyll",2.01
"1431","Phycocyanin",1
"1432","Phycocyanin",0.1
"1433","Chlorophyll",2.03
"1434","Phycocyanin",0.1
"1435","Phycocyanin",0.1
"1436","Chlorophyll",3.15
"1437","Chlorophyll",2.7
"1438","Phycocyanin",0.1
"1439","Phycocyanin",5.5
"1440","Chlorophyll",3.52
"1441","Chlorophyll",3.34
"1442","Phycocyanin",0.1
"1443","Chlorophyll",2.38
"1444","Chlorophyll",1.81
"1445","Chlorophyll",1.81
"1446","Phycocyanin",0.1
"1447","Phycocyanin",3.5
"1448","Phycocyanin",0.1
"1449","Phycocyanin",1.5
"1450","Chlorophyll",4.56
"1451","Chlorophyll",1.46
"1452","Phycocyanin",3.5
"1453","Phycocyanin",3.47
"1454","Chlorophyll",1.93
"1455","Phycocyanin",0.1
"1456","Chlorophyll",1.76
"1457","Chlorophyll",2.03
"1458","Phycocyanin",0.1
"1459","Chlorophyll",1.96
"1460","Phycocyanin",0.1
"1461","Chlorophyll",2.18
"1462","Chlorophyll",1.89
"1463","Chlorophyll",2.13
"1464","Phycocyanin",0.1
"1465","Chlorophyll",2.13
"1466","Chlorophyll",2.43
"1467","Phycocyanin",5.5
"1468","Chlorophyll",1.86
"1469","Chlorophyll",2.48
"1470","Phycocyanin",0.1
"1471","Chlorophyll",1.37
"1472","Phycocyanin",0.1
"1473","Chlorophyll",2.23
"1474","Phycocyanin",0.1
"1475","Chlorophyll",1.76
"1476","Phycocyanin",3.5
"1477","Phycocyanin",0.1
"1478","Phycocyanin",4
"1479","Phycocyanin",0.1
"1480","Phycocyanin",0.1
"1481","Chlorophyll",1.46
"1482","Phycocyanin",0.55
"1483","Chlorophyll",1.69
"1484","Phycocyanin",0.1
"1485","Phycocyanin",4
"1486","Phycocyanin",0.1
"1487","Phycocyanin",0.1
"1488","Phycocyanin",0.1
"1489","Chlorophyll",3.15
"1490","Chlorophyll",2.21
"1491","Phycocyanin",0.1
"1492","Chlorophyll",1.82
"1493","Phycocyanin",2
"1494","Phycocyanin",0.1
"1495","Chlorophyll",2.48
"1496","Chlorophyll",2.85
"1497","Phycocyanin",2
"1498","Chlorophyll",2.03
"1499","Chlorophyll",3.54
"1500","Chlorophyll",2.01
"1501","Phycocyanin",0.1
"1502","Phycocyanin",4.5
"1503","Phycocyanin",0.1
"1504","Chlorophyll",1.91
"1505","Phycocyanin",4.5
"1506","Chlorophyll",3.54
"1507","Phycocyanin",0.1
"1508","Chlorophyll",3.52
"1509","Phycocyanin",0.55
"1510","Chlorophyll",2.43
"1511","Chlorophyll",2.13
"1512","Phycocyanin",3
"1513","Chlorophyll",2.45
"1514","Chlorophyll",2.68
"1515","Chlorophyll",2.8
"1516","Chlorophyll",0.1
"1517","Chlorophyll",3.26
"1518","Phycocyanin",8.5
"1519","Chlorophyll",1.7
"1520","Phycocyanin",1.5
"1521","Chlorophyll",1.89
"1522","Chlorophyll",2.02
"1523","Phycocyanin",0.1
"1524","Phycocyanin",16.5
"1525","Chlorophyll",0.29
"1526","Phycocyanin",5.5
"1527","Chlorophyll",1.22
"1528","Chlorophyll",0.23
"1529","Phycocyanin",1.5
"1530","Phycocyanin",0.1
"1531","Chlorophyll",0.5
"1532","Phycocyanin",1
"1533","Phycocyanin",0.55
"1534","Chlorophyll",0.32
"1535","Chlorophyll",0.53
"1536","Phycocyanin",2.5
"1537","Chlorophyll",0.31
"1538","Phycocyanin",1.5
"1539","Chlorophyll",0.52
"1540","Phycocyanin",1
"1542","Phycocyanin",0.1
"1543","Chlorophyll",0.26
"1546","Chlorophyll",0.46
"1548","Phycocyanin",0.1
"1549","Chlorophyll",0.25
"1553","Chlorophyll",0.53
"1554","Phycocyanin",0.1
"1555","Phycocyanin",4.5
"1557","Phycocyanin",0.1
"1558","Chlorophyll",0.4
"1559","Chlorophyll",0.37
"1560","Phycocyanin",0.1
"1561","Phycocyanin",0.1
"1562","Chlorophyll",0.32
"1563","Phycocyanin",0.1
"1564","Chlorophyll",0.45
"1565","Chlorophyll",0.65
"1566","Phycocyanin",0.1
"1567","Chlorophyll",0.57
"1568","Phycocyanin",0.55
"1569","Chlorophyll",0.5
"1570","Chlorophyll",0.5
"1571","Phycocyanin",0.1
"1572","Phycocyanin",0.1
"1573","Phycocyanin",0.1
"1574","Phycocyanin",0.1
"1575","Phycocyanin",0.1
"1576","Phycocyanin",0.1
"1577","Chlorophyll",0.32
"1578","Phycocyanin",0.1
"1579","Chlorophyll",0.45
"1580","Chlorophyll",0.47
"1581","Chlorophyll",0.55
"1582","Chlorophyll",0.42
"1583","Chlorophyll",0.37
"1584","Phycocyanin",0.1
"1585","Chlorophyll",0.22
"1586","Chlorophyll",0.42
"1587","Phycocyanin",0.1
"1588","Phycocyanin",2.5
"1589","Phycocyanin",0.1
"1590","Chlorophyll",1.84
"1591","Chlorophyll",0.32
"1592","Chlorophyll",1.89
"1593","Chlorophyll",1.19
"1594","Phycocyanin",10
"1595","Phycocyanin",0.1
"1596","Phycocyanin",10
"1597","Chlorophyll",0.25
"1598","Phycocyanin",17.95
"1599","Phycocyanin",0.1
"1600","Chlorophyll",0.32
"1601","Phycocyanin",17.95
"1602","Phycocyanin",0.1
"1603","Chlorophyll",0.22
"1604","Chlorophyll",0.4
"1605","Phycocyanin",2.5
"1606","Chlorophyll",1.19
"1607","Phycocyanin",0.1
"1608","Phycocyanin",13.48
"1609","Chlorophyll",0.45
"1610","Chlorophyll",0.27
"1611","Phycocyanin",1
"1612","Chlorophyll",1.84
"1613","Chlorophyll",0.42
"1614","Phycocyanin",0.55
"1615","Phycocyanin",0.1
"1616","Chlorophyll",0.42
"1617","Chlorophyll",0.6
"1618","Chlorophyll",0.57
"1619","Phycocyanin",0.55
"1620","Phycocyanin",2.5
"1621","Chlorophyll",2.5
"1622","Chlorophyll",0.55
"1623","Phycocyanin",0.1
"1624","Phycocyanin",0.1
"1625","Chlorophyll",0.65
"1626","Chlorophyll",0.5
"1627","Phycocyanin",0.1
"1628","Phycocyanin",0.57
"1629","Chlorophyll",0.55
"1630","Chlorophyll",0.887
"1631","Phycocyanin",0.1
"1632","Phycocyanin",0.1
"1633","Phycocyanin",0.1
"1634","Chlorophyll",0.45
"1635","Phycocyanin",0.1
"1636","Chlorophyll",0.55
"1637","Phycocyanin",0.1
"1638","Chlorophyll",0.3
"1639","Phycocyanin",0.1
"1640","Chlorophyll",0.5
"1641","Phycocyanin",0.1
"1642","Phycocyanin",3.5
"1643","Chlorophyll",0.35
"1644","Chlorophyll",0.17
"1645","Chlorophyll",0.4
"1646","Chlorophyll",0.52
"1647","Phycocyanin",0.1
"1648","Phycocyanin",0.1
"1649","Phycocyanin",13.48
"1650","Chlorophyll",1.51
"1651","Chlorophyll",0.5
"1652","Phycocyanin",13.97
"1653","Phycocyanin",5
"1654","Phycocyanin",13.97
"1655","Phycocyanin",3
"1656","Phycocyanin",3
"1657","Phycocyanin",18.95
"1658","Chlorophyll",1.51
"1659","Chlorophyll",1.56
"1660","Phycocyanin",0.1
"1661","Chlorophyll",0.25
"1662","Chlorophyll",0.42
"1663","Chlorophyll",0.5
"1664","Chlorophyll",0.25
"1665","Chlorophyll",1.56
"1666","Phycocyanin",18.95
"1667","Phycocyanin",0.1
"1668","Chlorophyll",1.42
"1669","Chlorophyll",0.25
"1670","Phycocyanin",0.1
"1671","Chlorophyll",0
"1672","Phycocyanin",0.1
"1673","Phycocyanin",7.5
"1674","Chlorophyll",0.19
"1675","Phycocyanin",2
"1676","Chlorophyll",0
"1677","Phycocyanin",17.5
"1678","Phycocyanin",0.1
"1679","Phycocyanin",842.43
"1680","Chlorophyll",3.5
"1681","Chlorophyll",0.34
"1682","Phycocyanin",196.23
"1683","Chlorophyll",7.15
"1684","Chlorophyll",0.01
"1685","Chlorophyll",0.4
"1686","Phycocyanin",9.57
"1687","Chlorophyll",0.87
"1688","Phycocyanin",2
"1689","Phycocyanin",16.46
"1690","Chlorophyll",0.35
"1691","Chlorophyll",0.52
"1692","Chlorophyll",0.82
"1693","Phycocyanin",1.5
"1694","Chlorophyll",8.5
"1695","Chlorophyll",0.47
"1696","Phycocyanin",0.1
"1697","Phycocyanin",8
"1698","Phycocyanin",3.5
"1699","Chlorophyll",0.6
"1700","Phycocyanin",0.1
"1701","Phycocyanin",5
"1702","Phycocyanin",1
"1703","Chlorophyll",0.82
"1704","Phycocyanin",0.1
"1705","Chlorophyll",0.77
"1706","Phycocyanin",0.1
"1707","Chlorophyll",1.22
"1708","Phycocyanin",1
"1709","Chlorophyll",0.45
"1710","Chlorophyll",0.67
"1711","Phycocyanin",0.1
"1712","Chlorophyll",0.85
"1713","Chlorophyll",0.52
"1714","Phycocyanin",13.48
"1715","Chlorophyll",0.97
"1716","Phycocyanin",1.5
"1717","Chlorophyll",0.25
"1718","Phycocyanin",0.1
"1719","Chlorophyll",1.39
"1720","Chlorophyll",0.62
"1721","Phycocyanin",0.1
"1722","Chlorophyll",1.51
"1723","Chlorophyll",0.52
"1724","Phycocyanin",7
"1725","Phycocyanin",0.1
"1726","Chlorophyll",1.02
"1727","Chlorophyll",0.4
"1728","Phycocyanin",0.1
"1729","Phycocyanin",0.55
"1730","Phycocyanin",7
"1731","Phycocyanin",0.1
"1732","Phycocyanin",13.48
"1733","Phycocyanin",1.5
"1734","Chlorophyll",1.89
"1735","Chlorophyll",0.97
"1736","Phycocyanin",0.1
"1737","Chlorophyll",0.7
"1738","Chlorophyll",1.22
"1739","Phycocyanin",4.5
"1740","Chlorophyll",0.6
"1741","Phycocyanin",8
"1742","Chlorophyll",0.5
"1743","Chlorophyll",0.32
"1744","Phycocyanin",10
"1745","Phycocyanin",863.87
"1747","Chlorophyll",1.84
"1749","Chlorophyll",8.67
"1751","Phycocyanin",48
"1753","Chlorophyll",0.42
"1754","Phycocyanin",0.1
"1755","Chlorophyll",0.55
"1756","Phycocyanin",0.1
"1757","Chlorophyll",0.25
"1758","Phycocyanin",0.1
"1759","Chlorophyll",1.12
"1760","Chlorophyll",0.5
"1761","Chlorophyll",0.6
"1762","Phycocyanin",0.42
"1763","Phycocyanin",3
"1764","Phycocyanin",0.1
"1765","Phycocyanin",0.1
"1766","Phycocyanin",0.1
"1767","Phycocyanin",0.1
"1768","Chlorophyll",2.9
"1769","Phycocyanin",0.1
"1770","Chlorophyll",0.72
"1771","Chlorophyll",0.1
"1772","Chlorophyll",0.3
"1773","Phycocyanin",0.1
"1774","Chlorophyll",0.35
"1775","Chlorophyll",0.52
"1776","Chlorophyll",2.5
"1777","Phycocyanin",3
"1778","Phycocyanin",3
"1779","Phycocyanin",1
"1780","Phycocyanin",0.1
"1781","Chlorophyll",8.66
"1782","Chlorophyll",8.66
"1783","Chlorophyll",0.82
"1784","Chlorophyll",0.72
"1785","Phycocyanin",3
"1786","Phycocyanin",1
"1787","Chlorophyll",8.66
"1788","Chlorophyll",0.82
"1789","Phycocyanin",0.1
"1790","Phycocyanin",0.1
"1791","Chlorophyll",1.79
"1792","Chlorophyll",1.69
"1793","Phycocyanin",2
"1794","Chlorophyll",0.95
"1795","Chlorophyll",0.97
"1796","Phycocyanin",0.1
"1797","Phycocyanin",2.5
"1798","Chlorophyll",1.76
"1799","Chlorophyll",1.79
"1800","Phycocyanin",0.1
"1801","Phycocyanin",0.1
"1802","Chlorophyll",1.51
"1803","Chlorophyll",1.54
"1804","Phycocyanin",0.1
"1805","Phycocyanin",0.1
"1806","Chlorophyll",0.65
"1807","Chlorophyll",0.8
"1808","Phycocyanin",0.1
"1809","Phycocyanin",6.5
"1810","Chlorophyll",0.67
"1811","Chlorophyll",0.82
"1812","Phycocyanin",1
"1813","Phycocyanin",6.5
"1814","Phycocyanin",6.5
"1815","Chlorophyll",0.92
"1816","Chlorophyll",10.19
"1817","Chlorophyll",10.19
"1818","Phycocyanin",1
"1819","Phycocyanin",0.1
"1820","Chlorophyll",10.19
"1821","Phycocyanin",3.5
"1822","Chlorophyll",0.52
"1823","Phycocyanin",5.5
"1824","Chlorophyll",0.3
"1825","Phycocyanin",0.1
"1826","Chlorophyll",0.67
"1827","Chlorophyll",0.35
"1828","Chlorophyll",0.37
"1829","Phycocyanin",0.1
"1830","Chlorophyll",0.67
"1831","Phycocyanin",0.32
"1832","Phycocyanin",0.1
"1833","Chlorophyll",0.32
"1834","Phycocyanin",0.1
"1835","Chlorophyll",0.95
"1836","Phycocyanin",0.1
"1837","Chlorophyll",0.35
"1838","Chlorophyll",0.37
"1839","Phycocyanin",0.1
"1840","Chlorophyll",0.37
"1841","Phycocyanin",0.1
"1842","Chlorophyll",1.32
"1843","Phycocyanin",0.1
"1844","Chlorophyll",1
"1845","Phycocyanin",0.1
"1846","Phycocyanin",0.1
"1847","Phycocyanin",2
"1848","Phycocyanin",0.1
"1849","Chlorophyll",0.75
"1850","Chlorophyll",0.47
"1851","Phycocyanin",0.1
"1852","Chlorophyll",0.45
"1853","Chlorophyll",3.15
"1854","Phycocyanin",0.1
"1855","Chlorophyll",0.32
"1856","Phycocyanin",0.1
"1857","Phycocyanin",0.55
"1858","Chlorophyll",0.45
"1859","Chlorophyll",0.4
"1860","Chlorophyll",0.37
"1861","Phycocyanin",0.1
"1862","Chlorophyll",0.47
"1863","Chlorophyll",0.5
"1864","Phycocyanin",0.1
"1865","Chlorophyll",0.52
"1866","Phycocyanin",0.1
"1867","Phycocyanin",0.1
"1868","Phycocyanin",0.1
"1869","Phycocyanin",0.1
"1870","Phycocyanin",0.1
"1871","Chlorophyll",0.75
"1872","Phycocyanin",0.1
"1873","Phycocyanin",0.1
"1874","Chlorophyll",0.6
"1875","Chlorophyll",0.8
"1876","Chlorophyll",2.5
"1877","Chlorophyll",0.67
"1878","Phycocyanin",0.1
"1879","Phycocyanin",0.55
"1880","Chlorophyll",0.7
"1881","Chlorophyll",1.11
"1882","Chlorophyll",1.01
"1883","Phycocyanin",1.5
"1884","Phycocyanin",1
"1885","Chlorophyll",0.67
"1886","Chlorophyll",0.74
"1887","Phycocyanin",0.55
"1888","Phycocyanin",2.5
"1889","Phycocyanin",1
"1890","Chlorophyll",1.11
"1891","Chlorophyll",1.04
"1892","Phycocyanin",0.1
"1893","Phycocyanin",0.1
"1894","Chlorophyll",0.79
"1895","Phycocyanin",5
"1896","Chlorophyll",0.77
"1897","Phycocyanin",1
"1898","Phycocyanin",0.1
"1899","Chlorophyll",1.16
"1900","Chlorophyll",0.98
"1901","Chlorophyll",0.65
"1902","Phycocyanin",0.55
"1903","Chlorophyll",0.61
"1904","Phycocyanin",0.1
"1905","Phycocyanin",1
"1906","Chlorophyll",1.43
"1907","Phycocyanin",2
"1908","Chlorophyll",0.89
"1909","Phycocyanin",1.5
"1910","Phycocyanin",2
"1911","Chlorophyll",0.56
"1912","Chlorophyll",0.64
"1913","Chlorophyll",1.13
"1914","Chlorophyll",1.62
"1915","Phycocyanin",0.1
"1916","Phycocyanin",2
"1917","Phycocyanin",20.5
"1918","Chlorophyll",1.32
"1919","Chlorophyll",0.41
"1922","Phycocyanin",1
"1925","Chlorophyll",0.76
"1926","Phycocyanin",2.5
"1927","Chlorophyll",0.73
"1928","Chlorophyll",0.56
"1929","Chlorophyll",0.5
"1930","Phycocyanin",3.5
"1931","Phycocyanin",0.1
"1932","Phycocyanin",0.1
"1933","Chlorophyll",0.56
"1934","Chlorophyll",0.97
"1935","Chlorophyll",0.68
"1936","Phycocyanin",4.5
"1937","Phycocyanin",0.1
"1938","Phycocyanin",0.1
"1939","Chlorophyll",0.73
"1940","Phycocyanin",0.1
"1942","Chlorophyll",13.83
"1944","Phycocyanin",1791.65
"1947","Chlorophyll",0.73
"1948","Phycocyanin",6
"1949","Chlorophyll",0.67
"1950","Phycocyanin",0.55
"1951","Chlorophyll",0.5
"1952","Chlorophyll",0.77
"1953","Phycocyanin",0.1
"1954","Phycocyanin",0.1
"1955","Chlorophyll",0.44
"1956","Phycocyanin",0.55
"1957","Phycocyanin",3
"1958","Chlorophyll",0.83
"1959","Phycocyanin",0.1
"1960","Chlorophyll",0.67
"1961","Phycocyanin",0.55
"1962","Chlorophyll",0.65
"1963","Phycocyanin",0.1
"1964","Chlorophyll",1.35
"1965","Phycocyanin",1
"1966","Chlorophyll",0.74
"1967","Phycocyanin",2.5
"1968","Chlorophyll",0.71
"1969","Chlorophyll",0.94
"1970","Phycocyanin",0.55
"1971","Chlorophyll",1.41
"1972","Phycocyanin",0.1
"1976","Chlorophyll",1.58
"1977","Phycocyanin",0.1
"1979","Phycocyanin",5
"1980","Chlorophyll",0.1
"1984","Phycocyanin",1.5
"1985","Chlorophyll",0.23
"1986","Phycocyanin",8.5
"1987","Chlorophyll",2.17
"1989","Chlorophyll",0.82
"1990","Chlorophyll",1.07
"1991","Chlorophyll",1.54
"1992","Phycocyanin",5.5
"1993","Chlorophyll",0.8
"1994","Phycocyanin",2.5
"1995","Chlorophyll",1.07
"1996","Phycocyanin",0.1
"1997","Phycocyanin",0.1
"1998","Chlorophyll",1.07
"1999","Chlorophyll",1.39
"2000","Phycocyanin",7
"2001","Chlorophyll",0.8
"2002","Phycocyanin",2.5
"2003","Phycocyanin",2
"2004","Phycocyanin",4.5
"2005","Chlorophyll",1.34
"2006","Phycocyanin",0.1
"2007","Phycocyanin",0.1
"2008","Chlorophyll",1.54
"2009","Phycocyanin",2
"2010","Chlorophyll",1.07
"2011","Phycocyanin",0.1
"2012","Chlorophyll",0.87
"2013","Phycocyanin",0.1
"2014","Chlorophyll",0.85
"2015","Phycocyanin",0.1
"2016","Chlorophyll",0.5
"2017","Phycocyanin",6
"2018","Phycocyanin",0.9
"2019","Chlorophyll",1.24
"2020","Chlorophyll",1.51
"2021","Phycocyanin",15.46
"2022","Chlorophyll",0.8
"2023","Phycocyanin",0.1
"2024","Chlorophyll",1.17
"2025","Phycocyanin",0.9
"2026","Phycocyanin",2
"2027","Phycocyanin",0.1
"2028","Chlorophyll",1.34
"2029","Phycocyanin",6
"2030","Chlorophyll",1.12
"2031","Chlorophyll",1.56
"2032","Phycocyanin",0.1
"2033","Phycocyanin",3
"2034","Phycocyanin",0.1
"2035","Phycocyanin",1
"2036","Phycocyanin",0.1
"2037","Chlorophyll",1.42
"2038","Chlorophyll",0.55
"2039","Chlorophyll",1.02
"2040","Phycocyanin",0.1
"2041","Phycocyanin",2
"2042","Chlorophyll",0.65
"2043","Chlorophyll",1.14
"2044","Chlorophyll",0.87
"2045","Phycocyanin",3
"2046","Chlorophyll",1.24
"2047","Chlorophyll",0.82
"2048","Chlorophyll",1.09
"2049","Chlorophyll",0.95
"2050","Phycocyanin",5
"2051","Chlorophyll",1.19
"2052","Chlorophyll",0.8
"2053","Chlorophyll",0
"2054","Phycocyanin",0.1
"2055","Chlorophyll",1.22
"2056","Chlorophyll",1.07
"2057","Chlorophyll",0
"2058","Phycocyanin",0.1
"2059","Phycocyanin",0.55
"2060","Phycocyanin",0.1
"2061","Phycocyanin",0.1
"2062","Chlorophyll",1.27
"2063","Phycocyanin",16.96
"2064","Phycocyanin",0.1
"2065","Chlorophyll",1.39
"2066","Chlorophyll",0.92
"2067","Phycocyanin",0.1
"2068","Chlorophyll",1.71
"2069","Phycocyanin",0.1
"2070","Chlorophyll",0.9
"2071","Chlorophyll",0.92
"2072","Chlorophyll",0.85
"2073","Chlorophyll",0.665
"2074","Phycocyanin",0.1
"2075","Phycocyanin",0.1
"2076","Chlorophyll",1.86
"2077","Phycocyanin",0.1
"2078","Phycocyanin",0.1
"2079","Phycocyanin",0.1
"2080","Phycocyanin",0.1
"2081","Chlorophyll",6.31
"2082","Chlorophyll",4.09
"2083","Chlorophyll",0.85
"2084","Chlorophyll",0.72
"2085","Phycocyanin",6.5
"2086","Phycocyanin",0.1
"2087","Chlorophyll",0.9
"2088","Phycocyanin",13.97
"2089","Phycocyanin",0.1
"2090","Phycocyanin",5.5
"2091","Phycocyanin",0.1
"2092","Phycocyanin",1
"2093","Chlorophyll",0.8
"2094","Phycocyanin",2
"2095","Chlorophyll",1.04
"2096","Chlorophyll",0.8
"2097","Phycocyanin",0.1
"2099","Phycocyanin",0.1
"2101","Chlorophyll",0.13
"2103","Chlorophyll",0.23
"2105","Chlorophyll",0.55
"2107","Chlorophyll",0.13
"2111","Phycocyanin",3.5
"2115","Chlorophyll",0.28
"2117","Phycocyanin",0.1
"2118","Phycocyanin",2
"2119","Chlorophyll",0.31
"2120","Phycocyanin",1
"2122","Chlorophyll",0.1
"2123","Chlorophyll",0.35
"2125","Phycocyanin",0.1
"2127","Phycocyanin",0.55
"2130","Chlorophyll",0.23
"2131","Chlorophyll",0.13
"2134","Phycocyanin",0.1
"2136","Phycocyanin",0.1
"2137","Chlorophyll",0.01
"2138","Phycocyanin",1
"2139","Phycocyanin",1.5
"2140","Chlorophyll",0.07
"2141","Chlorophyll",0.28
"2142","Chlorophyll",0.46
"2143","Phycocyanin",1.5
"2144","Phycocyanin",2.5
"2145","Chlorophyll",0.13
"2148","Chlorophyll",0.13
"2151","Phycocyanin",0.1
"2152","Phycocyanin",0.1
"2153","Phycocyanin",2.5
"2154","Chlorophyll",0
"2155","Chlorophyll",0
"2159","Phycocyanin",0.1
"2161","Chlorophyll",0.11
"2162","Phycocyanin",1
"2163","Chlorophyll",0
"2164","Chlorophyll",0.1
"2165","Phycocyanin",0.1
"2166","Phycocyanin",1
"2167","Phycocyanin",0.1
"2168","Chlorophyll",0
"2169","Chlorophyll",0
"2170","Phycocyanin",7
"2171","Chlorophyll",0.22
"2172","Phycocyanin",0.55
"2173","Chlorophyll",0.14
"2174","Phycocyanin",2.5
"2175","Phycocyanin",0.1
"2176","Chlorophyll",0
"2177","Phycocyanin",0.1
"2178","Chlorophyll",0.61
"2179","Phycocyanin",0.1
"2180","Chlorophyll",0.29
"2181","Chlorophyll",0.13
"2182","Phycocyanin",4
"2183","Phycocyanin",0.1
"2184","Chlorophyll",0.08
"2185","Phycocyanin",2
"2186","Phycocyanin",1
"2187","Chlorophyll",0.04
"2188","Phycocyanin",2.5
"2189","Chlorophyll",0.19
"2190","Chlorophyll",0.62
"2191","Chlorophyll",0.68
"2192","Phycocyanin",0.1
"2194","Phycocyanin",0.1
"2197","Phycocyanin",1
"2198","Chlorophyll",1.17
"2199","Chlorophyll",0.92
"2201","Chlorophyll",1.26
"2204","Phycocyanin",8
"2205","Chlorophyll",1.05
"2208","Phycocyanin",6.5
"2211","Chlorophyll",1.28
"2213","Chlorophyll",1.05
"2214","Phycocyanin",0.1
"2215","Phycocyanin",1
"2217","Phycocyanin",4.5
"2220","Phycocyanin",4
"2222","Chlorophyll",1.22
"2224","Chlorophyll",1.17
"2226","Chlorophyll",0.91
"2227","Phycocyanin",0.1
"2229","Phycocyanin",1
"2230","Chlorophyll",0.85
"2235","Phycocyanin",5
"2236","Chlorophyll",13.11
"2237","Phycocyanin",41
"2238","Phycocyanin",1.5
"2243","Chlorophyll",1.14
"2244","Chlorophyll",1.32
"2247","Phycocyanin",1797.63
"2248","Chlorophyll",1.02
"2249","Phycocyanin",0.1
"2251","Chlorophyll",1.55
"2252","Phycocyanin",25
"2256","Chlorophyll",0.7
"2257","Chlorophyll",0.35
"2258","Chlorophyll",0.29
"2261","Phycocyanin",0.55
"2262","Phycocyanin",3
"2263","Phycocyanin",0.1
"2265","Phycocyanin",1.5
"2267","Chlorophyll",0.5
"2270","Chlorophyll",0.44
"2275","Phycocyanin",0.1
"2276","Chlorophyll",2.01
"2277","Chlorophyll",0.64
"2278","Phycocyanin",1
"2281","Phycocyanin",2.5
"2282","Phycocyanin",1
"2283","Chlorophyll",0.31
"2286","Phycocyanin",1.5
"2289","Chlorophyll",0.7
"2290","Chlorophyll",0.59
"2291","Phycocyanin",2.5
"2296","Chlorophyll",0.5
"2297","Chlorophyll",0.77
"2301","Phycocyanin",1.5
"2303","Chlorophyll",0.61
"2304","Phycocyanin",2
"2305","Chlorophyll",0.31
"2307","Chlorophyll",0.46
"2308","Phycocyanin",0.1
"2311","Phycocyanin",1
"2314","Chlorophyll",0.56
"2316","Phycocyanin",0.55
"2318","Phycocyanin",1
"2320","Chlorophyll",0.5
"2321","Phycocyanin",24.91
"2322","Chlorophyll",3.62
"2323","Chlorophyll",2.47
"2324","Phycocyanin",0.1
"2325","Phycocyanin",3.64
"2326","Chlorophyll",2.29
"2327","Chlorophyll",2.15
"2328","Phycocyanin",0.1
"2329","Phycocyanin",2.05
"2330","Phycocyanin",3.11
"2331","Phycocyanin",4.7
"2332","Phycocyanin",4.7
"2333","Phycocyanin",3.11
"2334","Chlorophyll",2.75
"2335","Phycocyanin",13.08
"2336","Phycocyanin",23.88
"2337","Chlorophyll",1.75
"2338","Phycocyanin",0.1
"2339","Phycocyanin",28
"2340","Chlorophyll",1.11
"2341","Phycocyanin",0.1
"2342","Chlorophyll",1.25
"2343","Chlorophyll",1.6
"2344","Phycocyanin",4.17
"2345","Chlorophyll",1.66
"2346","Chlorophyll",1.34
"2347","Phycocyanin",0.1
"2348","Chlorophyll",3.1
"2349","Chlorophyll",1.46
"2350","Chlorophyll",2.09
"2351","Phycocyanin",5.76
"2352","Phycocyanin",1
"2353","Phycocyanin",0.1
"2354","Chlorophyll",1.63
"2355","Chlorophyll",2.12
"2356","Phycocyanin",19.25
"2357","Phycocyanin",5.76
"2358","Chlorophyll",2.87
"2359","Chlorophyll",1.95
"2360","Phycocyanin",2.58
"2361","Chlorophyll",7.4
"2362","Chlorophyll",1.92
"2363","Chlorophyll",3.79
"2364","Phycocyanin",6.29
"2365","Chlorophyll",1.54
"2366","Phycocyanin",0.1
"2367","Phycocyanin",0.1
"2368","Phycocyanin",33.65
"2369","Chlorophyll",1.72
"2370","Phycocyanin",0.1
"2371","Chlorophyll",5.81
"2372","Chlorophyll",1.72
"2373","Chlorophyll",2.26
"2374","Chlorophyll",3.07
"2375","Chlorophyll",1.98
"2376","Chlorophyll",2.93
"2377","Chlorophyll",1.37
"2378","Phycocyanin",4.17
"2379","Phycocyanin",4.7
"2380","Phycocyanin",8.94
"2381","Phycocyanin",2.05
"2382","Chlorophyll",3.79
"2383","Chlorophyll",2.67
"2384","Chlorophyll",2.26
"2385","Phycocyanin",0.1
"2386","Phycocyanin",21.31
"2387","Chlorophyll",5.12
"2388","Phycocyanin",3.11
"2389","Chlorophyll",1.63
"2390","Chlorophyll",3.71
"2391","Phycocyanin",9.47
"2392","Chlorophyll",2.18
"2393","Chlorophyll",1.89
"2394","Phycocyanin",0.1
"2395","Phycocyanin",0.1
"2396","Phycocyanin",21.31
"2397","Phycocyanin",0.1
"2398","Chlorophyll",1.6
"2399","Phycocyanin",1
"2400","Phycocyanin",2.58
"2401","Chlorophyll",2.38
"2402","Chlorophyll",1.98
"2403","Chlorophyll",5.15
"2404","Chlorophyll",2.26
"2405","Chlorophyll",4.02
"2406","Phycocyanin",6.82
"2407","Phycocyanin",2.58
"2408","Chlorophyll",5.15
"2409","Phycocyanin",6.82
"2410","Chlorophyll",1.54
"2411","Phycocyanin",25.94
"2412","Chlorophyll",2.81
"2413","Chlorophyll",5.9
"2414","Chlorophyll",6.36
"2415","Phycocyanin",2.58
"2416","Phycocyanin",7.35
"2417","Chlorophyll",1.28
"2418","Chlorophyll",1.92
"2419","Chlorophyll",4.28
"2420","Chlorophyll",1.51
"2421","Phycocyanin",6.82
"2422","Phycocyanin",0.1
"2423","Phycocyanin",3.64
"2424","Phycocyanin",0.1
"2425","Chlorophyll",2.47
"2426","Chlorophyll",3.33
"2427","Phycocyanin",3.11
"2428","Chlorophyll",1.8
"2429","Phycocyanin",5.23
"2430","Phycocyanin",0.1
"2431","Phycocyanin",24.91
"2432","Phycocyanin",0.1
"2433","Phycocyanin",0.1
"2434","Chlorophyll",1.83
"2435","Chlorophyll",2.12
"2436","Chlorophyll",1.66
"2437","Chlorophyll",2.58
"2438","Phycocyanin",0.1
"2439","Phycocyanin",9.47
"2440","Phycocyanin",1.52
"2441","Chlorophyll",1.69
"2442","Phycocyanin",3.11
"2443","Phycocyanin",1.52
"2444","Chlorophyll",1.54
"2445","Chlorophyll",1.75
"2446","Chlorophyll",2.32
"2447","Phycocyanin",38.28
"2448","Phycocyanin",28.51
"2449","Phycocyanin",3.11
"2450","Chlorophyll",4.02
"2451","Chlorophyll",5.06
"2452","Phycocyanin",0.1
"2453","Chlorophyll",2.96
"2454","Phycocyanin",23.37
"2455","Chlorophyll",2.15
"2456","Phycocyanin",0.1
"2457","Chlorophyll",1.14
"2458","Phycocyanin",0.1
"2459","Chlorophyll",2.44
"2460","Phycocyanin",1.52
"2461","Phycocyanin",7.88
"2462","Chlorophyll",1.66
"2463","Chlorophyll",1.46
"2464","Phycocyanin",3.11
"2465","Chlorophyll",0.29
"2467","Phycocyanin",1.5
"2472","Chlorophyll",0.59
"2473","Phycocyanin",0.1
"2474","Phycocyanin",2
"2476","Chlorophyll",0.25
"2478","Chlorophyll",0.65
"2480","Phycocyanin",0.1
"2483","Phycocyanin",0.1
"2486","Chlorophyll",0.26
"2487","Phycocyanin",0.55
"2488","Phycocyanin",0.1
"2490","Phycocyanin",0.1
"2491","Chlorophyll",0.26
"2492","Chlorophyll",0.62
"2496","Chlorophyll",0.47
"2497","Phycocyanin",6.82
"2498","Phycocyanin",5.23
"2499","Phycocyanin",2.05
"2500","Chlorophyll",1.46
"2501","Phycocyanin",3.64
"2502","Phycocyanin",2.58
"2503","Chlorophyll",2
"2504","Phycocyanin",0.1
"2505","Phycocyanin",19.25
"2506","Phycocyanin",5.23
"2507","Phycocyanin",4.17
"2508","Chlorophyll",2.26
"2509","Phycocyanin",0.55
"2510","Phycocyanin",39.31
"2511","Chlorophyll",2.18
"2512","Phycocyanin",3.11
"2513","Phycocyanin",5.23
"2514","Chlorophyll",1.46
"2515","Chlorophyll",2.9
"2516","Chlorophyll",2.93
"2517","Phycocyanin",3.11
"2518","Phycocyanin",5.76
"2519","Phycocyanin",31.08
"2520","Phycocyanin",2.58
"2521","Phycocyanin",24.4
"2522","Chlorophyll",2.61
"2523","Phycocyanin",18.22
"2524","Phycocyanin",1
"2525","Chlorophyll",2.03
"2526","Chlorophyll",4.02
"2527","Phycocyanin",6.82
"2528","Phycocyanin",6.29
"2529","Chlorophyll",3.27
"2530","Chlorophyll",4.14
"2531","Chlorophyll",1.92
"2532","Chlorophyll",1.98
"2533","Chlorophyll",2.99
"2534","Chlorophyll",2.03
"2535","Chlorophyll",4.14
"2536","Chlorophyll",3.94
"2537","Chlorophyll",1.57
"2538","Chlorophyll",2.44
"2539","Chlorophyll",1.86
"2540","Phycocyanin",0.1
"2541","Chlorophyll",1.51
"2542","Chlorophyll",1.8
"2543","Chlorophyll",2.06
"2544","Chlorophyll",1.72
"2545","Chlorophyll",2.29
"2546","Phycocyanin",18.22
"2547","Phycocyanin",5.76
"2548","Phycocyanin",0.1
"2549","Chlorophyll",1.77
"2550","Phycocyanin",0.55
"2551","Chlorophyll",2.73
"2552","Phycocyanin",0.1
"2553","Chlorophyll",4.11
"2554","Phycocyanin",7.88
"2555","Chlorophyll",1.8
"2556","Phycocyanin",5.23
"2557","Chlorophyll",1.86
"2558","Chlorophyll",1.92
"2559","Phycocyanin",8.41
"2560","Chlorophyll",6.82
"2561","Phycocyanin",17.2
"2562","Chlorophyll",4.49
"2563","Chlorophyll",4.63
"2564","Chlorophyll",2.35
"2565","Phycocyanin",0.55
"2566","Phycocyanin",4.7
"2567","Phycocyanin",170.45
"2568","Phycocyanin",14.11
"2569","Phycocyanin",17.71
"2570","Phycocyanin",7.88
"2571","Phycocyanin",1.52
"2572","Phycocyanin",0.1
"2573","Phycocyanin",5.23
"2574","Chlorophyll",2.78
"2575","Phycocyanin",4.17
"2576","Chlorophyll",1.92
"2577","Phycocyanin",0.1
"2578","Chlorophyll",4.77
"2579","Chlorophyll",1.49
"2580","Phycocyanin",6.82
"2581","Chlorophyll",2.96
"2582","Chlorophyll",2
"2583","Phycocyanin",0.1
"2584","Chlorophyll",1.95
"2585","Chlorophyll",2.29
"2586","Phycocyanin",0.55
"2587","Chlorophyll",1.25
"2588","Phycocyanin",2.05
"2589","Phycocyanin",9.47
"2590","Phycocyanin",1
"2591","Phycocyanin",38.28
"2592","Phycocyanin",5.23
"2593","Phycocyanin",4.7
"2594","Phycocyanin",2.05
"2595","Phycocyanin",4.7
"2596","Chlorophyll",4.86
"2597","Chlorophyll",1.86
"2598","Phycocyanin",10.51
"2599","Phycocyanin",1
"2600","Phycocyanin",8.41
"2601","Chlorophyll",1.89
"2602","Chlorophyll",2.38
"2603","Chlorophyll",2.99
"2604","Chlorophyll",3.04
"2605","Chlorophyll",1.86
"2606","Chlorophyll",2.06
"2607","Chlorophyll",1.66
"2608","Chlorophyll",3.79
"2609","Chlorophyll",3.65
"2610","Chlorophyll",2
"2611","Chlorophyll",2.06
"2612","Chlorophyll",3.42
"2613","Phycocyanin",5.23
"2614","Phycocyanin",22.34
"2615","Chlorophyll",2.15
"2616","Chlorophyll",4.51
"2617","Chlorophyll",2.18
"2618","Phycocyanin",10.51
"2619","Chlorophyll",2.84
"2620","Chlorophyll",1.4
"2621","Phycocyanin",3.11
"2622","Phycocyanin",2.05
"2623","Phycocyanin",5.23
"2624","Phycocyanin",0.55
"2625","Chlorophyll",4.98
"2626","Chlorophyll",2.78
"2627","Chlorophyll",2.26
"2628","Phycocyanin",0.1
"2629","Phycocyanin",12.57
"2630","Phycocyanin",1
"2631","Chlorophyll",1.8
"2632","Phycocyanin",13.6
"2633","Chlorophyll",0.35
"2634","Phycocyanin",3
"2635","Chlorophyll",0.31
"2636","Chlorophyll",0
"2637","Phycocyanin",6.5
"2638","Chlorophyll",0
"2639","Phycocyanin",4
"2640","Phycocyanin",0.1
"2641","Chlorophyll",0.28
"2642","Phycocyanin",5.5
"2643","Chlorophyll",0.32
"2644","Chlorophyll",0.28
"2645","Phycocyanin",0.1
"2646","Phycocyanin",3
"2647","Chlorophyll",0.32
"2648","Phycocyanin",6.5
"2649","Chlorophyll",0
"2650","Phycocyanin",7.5
"2651","Chlorophyll",0.23
"2652","Phycocyanin",2.5
"2653","Phycocyanin",1
"2654","Chlorophyll",0
"2655","Chlorophyll",0.43
"2656","Phycocyanin",3.5
"2657","Chlorophyll",0.07
"2658","Phycocyanin",3
"2659","Phycocyanin",3.5
"2660","Chlorophyll",0.47
"2661","Chlorophyll",0.01
"2662","Chlorophyll",0
"2663","Phycocyanin",2.5
"2664","Phycocyanin",5.5
"2665","Chlorophyll",0.34
"2666","Phycocyanin",0.55
"2667","Chlorophyll",0.19
"2668","Phycocyanin",2
"2669","Phycocyanin",4
"2670","Chlorophyll",0.25
"2671","Chlorophyll",0.31
"2672","Phycocyanin",0.1
"2673","Chlorophyll",12.08
"2674","Chlorophyll",12.44
"2675","Phycocyanin",522.93
"2676","Phycocyanin",40.33
"2677","Phycocyanin",59.55
"2678","Chlorophyll",2.31
"2679","Chlorophyll",2.41
"2680","Chlorophyll",7.72
"2681","Chlorophyll",14.33
"2682","Phycocyanin",1550.95
"2683","Phycocyanin",1639.37
"2684","Phycocyanin",1202.37
